ligand #;Interacting aminoacid;;;;;;;;;;;;;;;;;;;;;;;;;;;;;;;;;;;;;;;;;;
11345;TYR434;;;;;;;;;;;;;;;;;;;;;;;;;;;;;;;;;;;;;;;;;;
11346;ARG523;;;;;;;;;;;;;;;;;;;;;;;;;;;;;;;;;;;;;;;;;;
11347;ALA555;;;;;;;;;;;;;;;;;;;;;;;;;;;;;;;;;;;;;;;;;;
11348;LEU558;;;;;;;;;;;;;;;;;;;;;;;;;;;;;;;;;;;;;;;;;;
11349;ALA555;;;;;;;;;;;;;;;;;;;;;;;;;;;;;;;;;;;;;;;;;;
11350;SER472;;;;;;;;;;;;;;;;;;;;;;;;;;;;;;;;;;;;;;;;;;
11351;ARG523;;;;;;;;;;;;;;;;;;;;;;;;;;;;;;;;;;;;;;;;;;
11352;ALA555;;;;;;;;;;;;;;;;;;;;;;;;;;;;;;;;;;;;;;;;;;
11353;LEU558;;;;;;;;;;;;;;;;;;;;;;;;;;;;;;;;;;;;;;;;;;
11354;SER431;;;;;;;;;;;;;;;;;;;;;;;;;;;;;;;;;;;;;;;;;;
11355;ARG523;;;;;;;;;;;;;;;;;;;;;;;;;;;;;;;;;;;;;;;;;;
11356;ALA555;;;;;;;;;;;;;;;;;;;;;;;;;;;;;;;;;;;;;;;;;;
11357;SER472;;;;;;;;;;;;;;;;;;;;;;;;;;;;;;;;;;;;;;;;;;
11358;ARG523;;;;;;;;;;;;;;;;;;;;;;;;;;;;;;;;;;;;;;;;;;
11359;ALA555;;;;;;;;;;;;;;;;;;;;;;;;;;;;;;;;;;;;;;;;;;
11360;SER431;;;;;;;;;;;;;;;;;;;;;;;;;;;;;;;;;;;;;;;;;;
11361;TYR434;;;;;;;;;;;;;;;;;;;;;;;;;;;;;;;;;;;;;;;;;;
11362;ASP521;;;;;;;;;;;;;;;;;;;;;;;;;;;;;;;;;;;;;;;;;;
11363;ALA555;;;;;;;;;;;;;;;;;;;;;;;;;;;;;;;;;;;;;;;;;;
11364;SER472;;;;;;;;;;;;;;;;;;;;;;;;;;;;;;;;;;;;;;;;;;
11365;ARG523;;;;;;;;;;;;;;;;;;;;;;;;;;;;;;;;;;;;;;;;;;
11366;LEU558;;;;;;;;;;;;;;;;;;;;;;;;;;;;;;;;;;;;;;;;;;
11367;PHE524;;;;;;;;;;;;;;;;;;;;;;;;;;;;;;;;;;;;;;;;;;
11368;ALA555;;;;;;;;;;;;;;;;;;;;;;;;;;;;;;;;;;;;;;;;;;
11369;LEU558;;;;;;;;;;;;;;;;;;;;;;;;;;;;;;;;;;;;;;;;;;
11370;PHE524;;;;;;;;;;;;;;;;;;;;;;;;;;;;;;;;;;;;;;;;;;
11371;ALA513;;;;;;;;;;;;;;;;;;;;;;;;;;;;;;;;;;;;;;;;;;
11372;ALA513;;;;;;;;;;;;;;;;;;;;;;;;;;;;;;;;;;;;;;;;;;
11373;ARG523;;;;;;;;;;;;;;;;;;;;;;;;;;;;;;;;;;;;;;;;;;
11374;PHE524;;;;;;;;;;;;;;;;;;;;;;;;;;;;;;;;;;;;;;;;;;
11375;ALA555;;;;;;;;;;;;;;;;;;;;;;;;;;;;;;;;;;;;;;;;;;
11376;LEU558;;;;;;;;;;;;;;;;;;;;;;;;;;;;;;;;;;;;;;;;;;
11377;ARG523;;;;;;;;;;;;;;;;;;;;;;;;;;;;;;;;;;;;;;;;;;
11378;ALA555;;;;;;;;;;;;;;;;;;;;;;;;;;;;;;;;;;;;;;;;;;
11379;LEU558;;;;;;;;;;;;;;;;;;;;;;;;;;;;;;;;;;;;;;;;;;
11380;TYR434;;;;;;;;;;;;;;;;;;;;;;;;;;;;;;;;;;;;;;;;;;
11381;CYS551;;;;;;;;;;;;;;;;;;;;;;;;;;;;;;;;;;;;;;;;;;
11382;LEU558;;;;;;;;;;;;;;;;;;;;;;;;;;;;;;;;;;;;;;;;;;
11383;TYR434;;;;;;;;;;;;;;;;;;;;;;;;;;;;;;;;;;;;;;;;;;
11384;ALA555;;;;;;;;;;;;;;;;;;;;;;;;;;;;;;;;;;;;;;;;;;
11385;SER431;;;;;;;;;;;;;;;;;;;;;;;;;;;;;;;;;;;;;;;;;;
11386;TYR434;;;;;;;;;;;;;;;;;;;;;;;;;;;;;;;;;;;;;;;;;;
11387;ALA555;;;;;;;;;;;;;;;;;;;;;;;;;;;;;;;;;;;;;;;;;;
11388;LEU558;;;;;;;;;;;;;;;;;;;;;;;;;;;;;;;;;;;;;;;;;;
11389;TYR434;;;;;;;;;;;;;;;;;;;;;;;;;;;;;;;;;;;;;;;;;;
11390;ALA555;;;;;;;;;;;;;;;;;;;;;;;;;;;;;;;;;;;;;;;;;;
11391;LEU558;;;;;;;;;;;;;;;;;;;;;;;;;;;;;;;;;;;;;;;;;;
11392;SER431;;;;;;;;;;;;;;;;;;;;;;;;;;;;;;;;;;;;;;;;;;
11393;TYR434;;;;;;;;;;;;;;;;;;;;;;;;;;;;;;;;;;;;;;;;;;
11394;CYS551;;;;;;;;;;;;;;;;;;;;;;;;;;;;;;;;;;;;;;;;;;
11395;LEU558;;;;;;;;;;;;;;;;;;;;;;;;;;;;;;;;;;;;;;;;;;
11396;ARG523;;;;;;;;;;;;;;;;;;;;;;;;;;;;;;;;;;;;;;;;;;
11397;ALA555;;;;;;;;;;;;;;;;;;;;;;;;;;;;;;;;;;;;;;;;;;
11398;SER431;;;;;;;;;;;;;;;;;;;;;;;;;;;;;;;;;;;;;;;;;;
11399;ARG523;;;;;;;;;;;;;;;;;;;;;;;;;;;;;;;;;;;;;;;;;;
11400;SER431;;;;;;;;;;;;;;;;;;;;;;;;;;;;;;;;;;;;;;;;;;
11401;ARG523;;;;;;;;;;;;;;;;;;;;;;;;;;;;;;;;;;;;;;;;;;
11402;ALA555;;;;;;;;;;;;;;;;;;;;;;;;;;;;;;;;;;;;;;;;;;
11403;ARG518;;;;;;;;;;;;;;;;;;;;;;;;;;;;;;;;;;;;;;;;;;
11404;ARG481;;;;;;;;;;;;;;;;;;;;;;;;;;;;;;;;;;;;;;;;;;
11405;CYS551;;;;;;;;;;;;;;;;;;;;;;;;;;;;;;;;;;;;;;;;;;
11406;ALA555;;;;;;;;;;;;;;;;;;;;;;;;;;;;;;;;;;;;;;;;;;
11407;LEU558;;;;;;;;;;;;;;;;;;;;;;;;;;;;;;;;;;;;;;;;;;
11408;TYR434;;;;;;;;;;;;;;;;;;;;;;;;;;;;;;;;;;;;;;;;;;
11409;CYS551;;;;;;;;;;;;;;;;;;;;;;;;;;;;;;;;;;;;;;;;;;
11410;LEU558;;;;;;;;;;;;;;;;;;;;;;;;;;;;;;;;;;;;;;;;;;
11411;ALA555;;;;;;;;;;;;;;;;;;;;;;;;;;;;;;;;;;;;;;;;;;
11412;LEU558;;;;;;;;;;;;;;;;;;;;;;;;;;;;;;;;;;;;;;;;;;
11413;SER431;;;;;;;;;;;;;;;;;;;;;;;;;;;;;;;;;;;;;;;;;;
11414;ARG523;;;;;;;;;;;;;;;;;;;;;;;;;;;;;;;;;;;;;;;;;;
11415;PHE524;;;;;;;;;;;;;;;;;;;;;;;;;;;;;;;;;;;;;;;;;;
11416;ALA555;;;;;;;;;;;;;;;;;;;;;;;;;;;;;;;;;;;;;;;;;;
11417;LEU558;;;;;;;;;;;;;;;;;;;;;;;;;;;;;;;;;;;;;;;;;;
11418;ARG560;;;;;;;;;;;;;;;;;;;;;;;;;;;;;;;;;;;;;;;;;;
11419;SER472;;;;;;;;;;;;;;;;;;;;;;;;;;;;;;;;;;;;;;;;;;
11420;ARG523;;;;;;;;;;;;;;;;;;;;;;;;;;;;;;;;;;;;;;;;;;
11421;ALA555;;;;;;;;;;;;;;;;;;;;;;;;;;;;;;;;;;;;;;;;;;
11422;LEU558;;;;;;;;;;;;;;;;;;;;;;;;;;;;;;;;;;;;;;;;;;
11423;SER472;;;;;;;;;;;;;;;;;;;;;;;;;;;;;;;;;;;;;;;;;;
11424;ARG523;;;;;;;;;;;;;;;;;;;;;;;;;;;;;;;;;;;;;;;;;;
11425;PHE524;;;;;;;;;;;;;;;;;;;;;;;;;;;;;;;;;;;;;;;;;;
11426;ALA555;;;;;;;;;;;;;;;;;;;;;;;;;;;;;;;;;;;;;;;;;;
11427;TYR434;;;;;;;;;;;;;;;;;;;;;;;;;;;;;;;;;;;;;;;;;;
11428;CYS551;;;;;;;;;;;;;;;;;;;;;;;;;;;;;;;;;;;;;;;;;;
11429;LEU558;;;;;;;;;;;;;;;;;;;;;;;;;;;;;;;;;;;;;;;;;;
11430;SER472;;;;;;;;;;;;;;;;;;;;;;;;;;;;;;;;;;;;;;;;;;
11431;ARG523;;;;;;;;;;;;;;;;;;;;;;;;;;;;;;;;;;;;;;;;;;
11432;LEU558;;;;;;;;;;;;;;;;;;;;;;;;;;;;;;;;;;;;;;;;;;
11433;SER472;;;;;;;;;;;;;;;;;;;;;;;;;;;;;;;;;;;;;;;;;;
11434;ARG523;;;;;;;;;;;;;;;;;;;;;;;;;;;;;;;;;;;;;;;;;;
11435;LEU558;;;;;;;;;;;;;;;;;;;;;;;;;;;;;;;;;;;;;;;;;;
11436;SER472;;;;;;;;;;;;;;;;;;;;;;;;;;;;;;;;;;;;;;;;;;
11437;ARG481;;;;;;;;;;;;;;;;;;;;;;;;;;;;;;;;;;;;;;;;;;
11438;ARG481;;;;;;;;;;;;;;;;;;;;;;;;;;;;;;;;;;;;;;;;;;
11439;ARG481;;;;;;;;;;;;;;;;;;;;;;;;;;;;;;;;;;;;;;;;;;
11440;TYR434;;;;;;;;;;;;;;;;;;;;;;;;;;;;;;;;;;;;;;;;;;
11441;SER472;;;;;;;;;;;;;;;;;;;;;;;;;;;;;;;;;;;;;;;;;;
11442;ARG481;;;;;;;;;;;;;;;;;;;;;;;;;;;;;;;;;;;;;;;;;;
11443;ARG481;;;;;;;;;;;;;;;;;;;;;;;;;;;;;;;;;;;;;;;;;;
11444;ARG481;;;;;;;;;;;;;;;;;;;;;;;;;;;;;;;;;;;;;;;;;;
11445;SER472;;;;;;;;;;;;;;;;;;;;;;;;;;;;;;;;;;;;;;;;;;
11446;TYR434;;;;;;;;;;;;;;;;;;;;;;;;;;;;;;;;;;;;;;;;;;
11447;CYS551;;;;;;;;;;;;;;;;;;;;;;;;;;;;;;;;;;;;;;;;;;
11448;LEU558;;;;;;;;;;;;;;;;;;;;;;;;;;;;;;;;;;;;;;;;;;
11449;TYR434;;;;;;;;;;;;;;;;;;;;;;;;;;;;;;;;;;;;;;;;;;
11450;ARG481;;;;;;;;;;;;;;;;;;;;;;;;;;;;;;;;;;;;;;;;;;
11451;ARG481;;;;;;;;;;;;;;;;;;;;;;;;;;;;;;;;;;;;;;;;;;
11452;PHE524;;;;;;;;;;;;;;;;;;;;;;;;;;;;;;;;;;;;;;;;;;
11453;ALA513;;;;;;;;;;;;;;;;;;;;;;;;;;;;;;;;;;;;;;;;;;
11454;ALA513;;;;;;;;;;;;;;;;;;;;;;;;;;;;;;;;;;;;;;;;;;
11455;ARG523;;;;;;;;;;;;;;;;;;;;;;;;;;;;;;;;;;;;;;;;;;
11456;ALA555;;;;;;;;;;;;;;;;;;;;;;;;;;;;;;;;;;;;;;;;;;
11457;LEU558;;;;;;;;;;;;;;;;;;;;;;;;;;;;;;;;;;;;;;;;;;
11458;SER472;;;;;;;;;;;;;;;;;;;;;;;;;;;;;;;;;;;;;;;;;;
11459;ARG523;;;;;;;;;;;;;;;;;;;;;;;;;;;;;;;;;;;;;;;;;;
11460;PHE524;;;;;;;;;;;;;;;;;;;;;;;;;;;;;;;;;;;;;;;;;;
11461;ALA555;;;;;;;;;;;;;;;;;;;;;;;;;;;;;;;;;;;;;;;;;;
11462;LEU558;;;;;;;;;;;;;;;;;;;;;;;;;;;;;;;;;;;;;;;;;;
11463;ASP428;;;;;;;;;;;;;;;;;;;;;;;;;;;;;;;;;;;;;;;;;;
11464;SER472;;;;;;;;;;;;;;;;;;;;;;;;;;;;;;;;;;;;;;;;;;
11465;ARG523;;;;;;;;;;;;;;;;;;;;;;;;;;;;;;;;;;;;;;;;;;
11466;LEU558;;;;;;;;;;;;;;;;;;;;;;;;;;;;;;;;;;;;;;;;;;
11467;ASP428;;;;;;;;;;;;;;;;;;;;;;;;;;;;;;;;;;;;;;;;;;
11468;SER472;;;;;;;;;;;;;;;;;;;;;;;;;;;;;;;;;;;;;;;;;;
11469;ARG523;;;;;;;;;;;;;;;;;;;;;;;;;;;;;;;;;;;;;;;;;;
11470;ALA555;;;;;;;;;;;;;;;;;;;;;;;;;;;;;;;;;;;;;;;;;;
11471;LEU558;;;;;;;;;;;;;;;;;;;;;;;;;;;;;;;;;;;;;;;;;;
11472;ALA555;;;;;;;;;;;;;;;;;;;;;;;;;;;;;;;;;;;;;;;;;;
11473;SER431;;;;;;;;;;;;;;;;;;;;;;;;;;;;;;;;;;;;;;;;;;
11474;TYR434;;;;;;;;;;;;;;;;;;;;;;;;;;;;;;;;;;;;;;;;;;
11475;CYS551;;;;;;;;;;;;;;;;;;;;;;;;;;;;;;;;;;;;;;;;;;
11476;LEU558;;;;;;;;;;;;;;;;;;;;;;;;;;;;;;;;;;;;;;;;;;
11477;ARG523;;;;;;;;;;;;;;;;;;;;;;;;;;;;;;;;;;;;;;;;;;
11478;ALA555;;;;;;;;;;;;;;;;;;;;;;;;;;;;;;;;;;;;;;;;;;
11479;LEU558;;;;;;;;;;;;;;;;;;;;;;;;;;;;;;;;;;;;;;;;;;
11480;PHE524;;;;;;;;;;;;;;;;;;;;;;;;;;;;;;;;;;;;;;;;;;
11481;ALA555;;;;;;;;;;;;;;;;;;;;;;;;;;;;;;;;;;;;;;;;;;
11482;LEU558;;;;;;;;;;;;;;;;;;;;;;;;;;;;;;;;;;;;;;;;;;
11483;ARG523;;;;;;;;;;;;;;;;;;;;;;;;;;;;;;;;;;;;;;;;;;
11484;LEU558;;;;;;;;;;;;;;;;;;;;;;;;;;;;;;;;;;;;;;;;;;
11485;ALA555;;;;;;;;;;;;;;;;;;;;;;;;;;;;;;;;;;;;;;;;;;
11486;TYR434;;;;;;;;;;;;;;;;;;;;;;;;;;;;;;;;;;;;;;;;;;
11487;SER472;;;;;;;;;;;;;;;;;;;;;;;;;;;;;;;;;;;;;;;;;;
11488;CYS551;;;;;;;;;;;;;;;;;;;;;;;;;;;;;;;;;;;;;;;;;;
11489;LEU558;;;;;;;;;;;;;;;;;;;;;;;;;;;;;;;;;;;;;;;;;;
11490;ALA513;;;;;;;;;;;;;;;;;;;;;;;;;;;;;;;;;;;;;;;;;;
11491;ALA513;;;;;;;;;;;;;;;;;;;;;;;;;;;;;;;;;;;;;;;;;;
11492;SER431;;;;;;;;;;;;;;;;;;;;;;;;;;;;;;;;;;;;;;;;;;
11493;TYR434;;;;;;;;;;;;;;;;;;;;;;;;;;;;;;;;;;;;;;;;;;
11494;SER472;;;;;;;;;;;;;;;;;;;;;;;;;;;;;;;;;;;;;;;;;;
11495;ARG523;;;;;;;;;;;;;;;;;;;;;;;;;;;;;;;;;;;;;;;;;;
11496;ALA555;;;;;;;;;;;;;;;;;;;;;;;;;;;;;;;;;;;;;;;;;;
11497;LEU558;;;;;;;;;;;;;;;;;;;;;;;;;;;;;;;;;;;;;;;;;;
11498;SER431;;;;;;;;;;;;;;;;;;;;;;;;;;;;;;;;;;;;;;;;;;
11499;ARG523;;;;;;;;;;;;;;;;;;;;;;;;;;;;;;;;;;;;;;;;;;
11500;CYS551;;;;;;;;;;;;;;;;;;;;;;;;;;;;;;;;;;;;;;;;;;
11501;ALA555;;;;;;;;;;;;;;;;;;;;;;;;;;;;;;;;;;;;;;;;;;
11502;LEU558;;;;;;;;;;;;;;;;;;;;;;;;;;;;;;;;;;;;;;;;;;
11503;SER431;;;;;;;;;;;;;;;;;;;;;;;;;;;;;;;;;;;;;;;;;;
11504;ARG523;;;;;;;;;;;;;;;;;;;;;;;;;;;;;;;;;;;;;;;;;;
11505;ALA555;;;;;;;;;;;;;;;;;;;;;;;;;;;;;;;;;;;;;;;;;;
11506;LEU558;;;;;;;;;;;;;;;;;;;;;;;;;;;;;;;;;;;;;;;;;;
11507;ALA555;;;;;;;;;;;;;;;;;;;;;;;;;;;;;;;;;;;;;;;;;;
11508;LEU516;;;;;;;;;;;;;;;;;;;;;;;;;;;;;;;;;;;;;;;;;;
11509;LEU516;;;;;;;;;;;;;;;;;;;;;;;;;;;;;;;;;;;;;;;;;;
11510;SER472;;;;;;;;;;;;;;;;;;;;;;;;;;;;;;;;;;;;;;;;;;
11511;ARG523;;;;;;;;;;;;;;;;;;;;;;;;;;;;;;;;;;;;;;;;;;
11512;ALA555;;;;;;;;;;;;;;;;;;;;;;;;;;;;;;;;;;;;;;;;;;
11513;LEU558;;;;;;;;;;;;;;;;;;;;;;;;;;;;;;;;;;;;;;;;;;
11514;TYR434;;;;;;;;;;;;;;;;;;;;;;;;;;;;;;;;;;;;;;;;;;
11515;SER472;;;;;;;;;;;;;;;;;;;;;;;;;;;;;;;;;;;;;;;;;;
11516;CYS551;;;;;;;;;;;;;;;;;;;;;;;;;;;;;;;;;;;;;;;;;;
11517;LEU558;;;;;;;;;;;;;;;;;;;;;;;;;;;;;;;;;;;;;;;;;;
11518;PHE524;;;;;;;;;;;;;;;;;;;;;;;;;;;;;;;;;;;;;;;;;;
11519;ALA555;;;;;;;;;;;;;;;;;;;;;;;;;;;;;;;;;;;;;;;;;;
11520;LEU558;;;;;;;;;;;;;;;;;;;;;;;;;;;;;;;;;;;;;;;;;;
11521;SER472;;;;;;;;;;;;;;;;;;;;;;;;;;;;;;;;;;;;;;;;;;
11522;ARG481;;;;;;;;;;;;;;;;;;;;;;;;;;;;;;;;;;;;;;;;;;
11523;ARG481;;;;;;;;;;;;;;;;;;;;;;;;;;;;;;;;;;;;;;;;;;
11524;LEU558;;;;;;;;;;;;;;;;;;;;;;;;;;;;;;;;;;;;;;;;;;
11525;TYR434;;;;;;;;;;;;;;;;;;;;;;;;;;;;;;;;;;;;;;;;;;
11526;SER472;;;;;;;;;;;;;;;;;;;;;;;;;;;;;;;;;;;;;;;;;;
11527;ARG523;;;;;;;;;;;;;;;;;;;;;;;;;;;;;;;;;;;;;;;;;;
11528;ALA555;;;;;;;;;;;;;;;;;;;;;;;;;;;;;;;;;;;;;;;;;;
11529;SER389;;;;;;;;;;;;;;;;;;;;;;;;;;;;;;;;;;;;;;;;;;
11530;SER430;;;;;;;;;;;;;;;;;;;;;;;;;;;;;;;;;;;;;;;;;;
11531;ARG523;;;;;;;;;;;;;;;;;;;;;;;;;;;;;;;;;;;;;;;;;;
11532;LEU558;;;;;;;;;;;;;;;;;;;;;;;;;;;;;;;;;;;;;;;;;;
11533;ASP428;;;;;;;;;;;;;;;;;;;;;;;;;;;;;;;;;;;;;;;;;;
11534;ARG481;;;;;;;;;;;;;;;;;;;;;;;;;;;;;;;;;;;;;;;;;;
11535;ARG481;;;;;;;;;;;;;;;;;;;;;;;;;;;;;;;;;;;;;;;;;;
11536;ALA555;;;;;;;;;;;;;;;;;;;;;;;;;;;;;;;;;;;;;;;;;;
11537;LEU558;;;;;;;;;;;;;;;;;;;;;;;;;;;;;;;;;;;;;;;;;;
11538;TYR434;;;;;;;;;;;;;;;;;;;;;;;;;;;;;;;;;;;;;;;;;;
11539;ARG481;;;;;;;;;;;;;;;;;;;;;;;;;;;;;;;;;;;;;;;;;;
11540;ARG481;;;;;;;;;;;;;;;;;;;;;;;;;;;;;;;;;;;;;;;;;;
11541;ALA555;;;;;;;;;;;;;;;;;;;;;;;;;;;;;;;;;;;;;;;;;;
11542;LEU558;;;;;;;;;;;;;;;;;;;;;;;;;;;;;;;;;;;;;;;;;;
11543;SER472;;;;;;;;;;;;;;;;;;;;;;;;;;;;;;;;;;;;;;;;;;
11544;ARG523;;;;;;;;;;;;;;;;;;;;;;;;;;;;;;;;;;;;;;;;;;
11545;SER389;;;;;;;;;;;;;;;;;;;;;;;;;;;;;;;;;;;;;;;;;;
11546;SER430;;;;;;;;;;;;;;;;;;;;;;;;;;;;;;;;;;;;;;;;;;
11547;ARG481;;;;;;;;;;;;;;;;;;;;;;;;;;;;;;;;;;;;;;;;;;
11548;ARG481;;;;;;;;;;;;;;;;;;;;;;;;;;;;;;;;;;;;;;;;;;
11549;ALA555;;;;;;;;;;;;;;;;;;;;;;;;;;;;;;;;;;;;;;;;;;
11550;GLU556;;;;;;;;;;;;;;;;;;;;;;;;;;;;;;;;;;;;;;;;;;
11551;LEU558;;;;;;;;;;;;;;;;;;;;;;;;;;;;;;;;;;;;;;;;;;
11552;ARG560;;;;;;;;;;;;;;;;;;;;;;;;;;;;;;;;;;;;;;;;;;
11553;LYS470;;;;;;;;;;;;;;;;;;;;;;;;;;;;;;;;;;;;;;;;;;
11554;SER472;;;;;;;;;;;;;;;;;;;;;;;;;;;;;;;;;;;;;;;;;;
11555;ARG523;;;;;;;;;;;;;;;;;;;;;;;;;;;;;;;;;;;;;;;;;;
11556;ALA555;;;;;;;;;;;;;;;;;;;;;;;;;;;;;;;;;;;;;;;;;;
11557;ARG523;;;;;;;;;;;;;;;;;;;;;;;;;;;;;;;;;;;;;;;;;;
11558;ALA555;;;;;;;;;;;;;;;;;;;;;;;;;;;;;;;;;;;;;;;;;;
11559;SER431;;;;;;;;;;;;;;;;;;;;;;;;;;;;;;;;;;;;;;;;;;
11560;TYR434;;;;;;;;;;;;;;;;;;;;;;;;;;;;;;;;;;;;;;;;;;
11561;SER472;;;;;;;;;;;;;;;;;;;;;;;;;;;;;;;;;;;;;;;;;;
11562;ARG523;;;;;;;;;;;;;;;;;;;;;;;;;;;;;;;;;;;;;;;;;;
11563;PHE524;;;;;;;;;;;;;;;;;;;;;;;;;;;;;;;;;;;;;;;;;;
11564;ALA555;;;;;;;;;;;;;;;;;;;;;;;;;;;;;;;;;;;;;;;;;;
11565;LEU558;;;;;;;;;;;;;;;;;;;;;;;;;;;;;;;;;;;;;;;;;;
11566;SER472;;;;;;;;;;;;;;;;;;;;;;;;;;;;;;;;;;;;;;;;;;
11567;ARG523;;;;;;;;;;;;;;;;;;;;;;;;;;;;;;;;;;;;;;;;;;
11568;TYR434;;;;;;;;;;;;;;;;;;;;;;;;;;;;;;;;;;;;;;;;;;
11569;SER472;;;;;;;;;;;;;;;;;;;;;;;;;;;;;;;;;;;;;;;;;;
11570;ARG523;;;;;;;;;;;;;;;;;;;;;;;;;;;;;;;;;;;;;;;;;;
11571;ALA513;;;;;;;;;;;;;;;;;;;;;;;;;;;;;;;;;;;;;;;;;;
11572;ALA513;;;;;;;;;;;;;;;;;;;;;;;;;;;;;;;;;;;;;;;;;;
11573;LEU558;;;;;;;;;;;;;;;;;;;;;;;;;;;;;;;;;;;;;;;;;;
11574;TYR434;;;;;;;;;;;;;;;;;;;;;;;;;;;;;;;;;;;;;;;;;;
11575;ARG481;;;;;;;;;;;;;;;;;;;;;;;;;;;;;;;;;;;;;;;;;;
11576;ARG481;;;;;;;;;;;;;;;;;;;;;;;;;;;;;;;;;;;;;;;;;;
11577;ALA513;;;;;;;;;;;;;;;;;;;;;;;;;;;;;;;;;;;;;;;;;;
11578;ALA513;;;;;;;;;;;;;;;;;;;;;;;;;;;;;;;;;;;;;;;;;;
11579;SER431;;;;;;;;;;;;;;;;;;;;;;;;;;;;;;;;;;;;;;;;;;
11580;TYR434;;;;;;;;;;;;;;;;;;;;;;;;;;;;;;;;;;;;;;;;;;
11581;PHE524;;;;;;;;;;;;;;;;;;;;;;;;;;;;;;;;;;;;;;;;;;
11582;ALA555;;;;;;;;;;;;;;;;;;;;;;;;;;;;;;;;;;;;;;;;;;
11583;LEU558;;;;;;;;;;;;;;;;;;;;;;;;;;;;;;;;;;;;;;;;;;
11584;SER431;;;;;;;;;;;;;;;;;;;;;;;;;;;;;;;;;;;;;;;;;;
11585;ARG523;;;;;;;;;;;;;;;;;;;;;;;;;;;;;;;;;;;;;;;;;;
11586;CYS551;;;;;;;;;;;;;;;;;;;;;;;;;;;;;;;;;;;;;;;;;;
11587;ALA555;;;;;;;;;;;;;;;;;;;;;;;;;;;;;;;;;;;;;;;;;;
11588;ARG481;;;;;;;;;;;;;;;;;;;;;;;;;;;;;;;;;;;;;;;;;;
11589;ARG481;;;;;;;;;;;;;;;;;;;;;;;;;;;;;;;;;;;;;;;;;;
11590;ARG481;;;;;;;;;;;;;;;;;;;;;;;;;;;;;;;;;;;;;;;;;;
11591;LEU558;;;;;;;;;;;;;;;;;;;;;;;;;;;;;;;;;;;;;;;;;;
11592;SER431;;;;;;;;;;;;;;;;;;;;;;;;;;;;;;;;;;;;;;;;;;
11593;LYS470;;;;;;;;;;;;;;;;;;;;;;;;;;;;;;;;;;;;;;;;;;
11594;ARG481;;;;;;;;;;;;;;;;;;;;;;;;;;;;;;;;;;;;;;;;;;
11595;ARG481;;;;;;;;;;;;;;;;;;;;;;;;;;;;;;;;;;;;;;;;;;
11596;ALA555;;;;;;;;;;;;;;;;;;;;;;;;;;;;;;;;;;;;;;;;;;
11597;GLU556;;;;;;;;;;;;;;;;;;;;;;;;;;;;;;;;;;;;;;;;;;
11598;LEU558;;;;;;;;;;;;;;;;;;;;;;;;;;;;;;;;;;;;;;;;;;
11599;ARG518;;;;;;;;;;;;;;;;;;;;;;;;;;;;;;;;;;;;;;;;;;
11600;ARG481;;;;;;;;;;;;;;;;;;;;;;;;;;;;;;;;;;;;;;;;;;
11601;ALA555;;;;;;;;;;;;;;;;;;;;;;;;;;;;;;;;;;;;;;;;;;
11602;LEU558;;;;;;;;;;;;;;;;;;;;;;;;;;;;;;;;;;;;;;;;;;
11603;ALA555;;;;;;;;;;;;;;;;;;;;;;;;;;;;;;;;;;;;;;;;;;
11604;LEU558;;;;;;;;;;;;;;;;;;;;;;;;;;;;;;;;;;;;;;;;;;
11605;ARG523;;;;;;;;;;;;;;;;;;;;;;;;;;;;;;;;;;;;;;;;;;
11606;ALA555;;;;;;;;;;;;;;;;;;;;;;;;;;;;;;;;;;;;;;;;;;
11607;SER389;;;;;;;;;;;;;;;;;;;;;;;;;;;;;;;;;;;;;;;;;;
11608;SER430;;;;;;;;;;;;;;;;;;;;;;;;;;;;;;;;;;;;;;;;;;
11609;ARG523;;;;;;;;;;;;;;;;;;;;;;;;;;;;;;;;;;;;;;;;;;
11610;SER472;;;;;;;;;;;;;;;;;;;;;;;;;;;;;;;;;;;;;;;;;;
11611;ARG523;;;;;;;;;;;;;;;;;;;;;;;;;;;;;;;;;;;;;;;;;;
11612;ALA555;;;;;;;;;;;;;;;;;;;;;;;;;;;;;;;;;;;;;;;;;;
11613;LEU558;;;;;;;;;;;;;;;;;;;;;;;;;;;;;;;;;;;;;;;;;;
11614;SER472;;;;;;;;;;;;;;;;;;;;;;;;;;;;;;;;;;;;;;;;;;
11615;ARG523;;;;;;;;;;;;;;;;;;;;;;;;;;;;;;;;;;;;;;;;;;
11616;ALA555;;;;;;;;;;;;;;;;;;;;;;;;;;;;;;;;;;;;;;;;;;
11617;SER472;;;;;;;;;;;;;;;;;;;;;;;;;;;;;;;;;;;;;;;;;;
11618;ARG523;;;;;;;;;;;;;;;;;;;;;;;;;;;;;;;;;;;;;;;;;;
11619;SER472;;;;;;;;;;;;;;;;;;;;;;;;;;;;;;;;;;;;;;;;;;
11620;ARG523;;;;;;;;;;;;;;;;;;;;;;;;;;;;;;;;;;;;;;;;;;
11621;ALA555;;;;;;;;;;;;;;;;;;;;;;;;;;;;;;;;;;;;;;;;;;
11622;SER472;;;;;;;;;;;;;;;;;;;;;;;;;;;;;;;;;;;;;;;;;;
11623;ARG481;;;;;;;;;;;;;;;;;;;;;;;;;;;;;;;;;;;;;;;;;;
11624;ARG481;;;;;;;;;;;;;;;;;;;;;;;;;;;;;;;;;;;;;;;;;;
11625;ARG481;;;;;;;;;;;;;;;;;;;;;;;;;;;;;;;;;;;;;;;;;;
11626;SER431;;;;;;;;;;;;;;;;;;;;;;;;;;;;;;;;;;;;;;;;;;
11627;ARG523;;;;;;;;;;;;;;;;;;;;;;;;;;;;;;;;;;;;;;;;;;
11628;ALA555;;;;;;;;;;;;;;;;;;;;;;;;;;;;;;;;;;;;;;;;;;
11629;LEU558;;;;;;;;;;;;;;;;;;;;;;;;;;;;;;;;;;;;;;;;;;
11630;ARG523;;;;;;;;;;;;;;;;;;;;;;;;;;;;;;;;;;;;;;;;;;
11631;ALA513;;;;;;;;;;;;;;;;;;;;;;;;;;;;;;;;;;;;;;;;;;
11632;ALA513;;;;;;;;;;;;;;;;;;;;;;;;;;;;;;;;;;;;;;;;;;
11633;LEU558;;;;;;;;;;;;;;;;;;;;;;;;;;;;;;;;;;;;;;;;;;
11634;SER472;;;;;;;;;;;;;;;;;;;;;;;;;;;;;;;;;;;;;;;;;;
11635;ARG523;;;;;;;;;;;;;;;;;;;;;;;;;;;;;;;;;;;;;;;;;;
11636;ASP428;;;;;;;;;;;;;;;;;;;;;;;;;;;;;;;;;;;;;;;;;;
11637;SER472;;;;;;;;;;;;;;;;;;;;;;;;;;;;;;;;;;;;;;;;;;
11638;ARG523;;;;;;;;;;;;;;;;;;;;;;;;;;;;;;;;;;;;;;;;;;
11639;TYR434;;;;;;;;;;;;;;;;;;;;;;;;;;;;;;;;;;;;;;;;;;
11640;SER472;;;;;;;;;;;;;;;;;;;;;;;;;;;;;;;;;;;;;;;;;;
11641;ARG523;;;;;;;;;;;;;;;;;;;;;;;;;;;;;;;;;;;;;;;;;;
11642;LEU558;;;;;;;;;;;;;;;;;;;;;;;;;;;;;;;;;;;;;;;;;;
11643;ALA555;;;;;;;;;;;;;;;;;;;;;;;;;;;;;;;;;;;;;;;;;;
11644;LEU558;;;;;;;;;;;;;;;;;;;;;;;;;;;;;;;;;;;;;;;;;;
11645;ARG523;;;;;;;;;;;;;;;;;;;;;;;;;;;;;;;;;;;;;;;;;;
11646;ALA513;;;;;;;;;;;;;;;;;;;;;;;;;;;;;;;;;;;;;;;;;;
11647;ALA513;;;;;;;;;;;;;;;;;;;;;;;;;;;;;;;;;;;;;;;;;;
11648;LEU558;;;;;;;;;;;;;;;;;;;;;;;;;;;;;;;;;;;;;;;;;;
11649;ALA555;;;;;;;;;;;;;;;;;;;;;;;;;;;;;;;;;;;;;;;;;;
11650;LEU558;;;;;;;;;;;;;;;;;;;;;;;;;;;;;;;;;;;;;;;;;;
11651;TYR434;;;;;;;;;;;;;;;;;;;;;;;;;;;;;;;;;;;;;;;;;;
11652;ARG523;;;;;;;;;;;;;;;;;;;;;;;;;;;;;;;;;;;;;;;;;;
11653;ALA555;;;;;;;;;;;;;;;;;;;;;;;;;;;;;;;;;;;;;;;;;;
11654;ARG523;;;;;;;;;;;;;;;;;;;;;;;;;;;;;;;;;;;;;;;;;;
11655;ALA555;;;;;;;;;;;;;;;;;;;;;;;;;;;;;;;;;;;;;;;;;;
11656;LEU558;;;;;;;;;;;;;;;;;;;;;;;;;;;;;;;;;;;;;;;;;;
11657;ARG523;;;;;;;;;;;;;;;;;;;;;;;;;;;;;;;;;;;;;;;;;;
11658;ALA555;;;;;;;;;;;;;;;;;;;;;;;;;;;;;;;;;;;;;;;;;;
11659;TYR434;;;;;;;;;;;;;;;;;;;;;;;;;;;;;;;;;;;;;;;;;;
11660;ARG523;;;;;;;;;;;;;;;;;;;;;;;;;;;;;;;;;;;;;;;;;;
11661;ALA555;;;;;;;;;;;;;;;;;;;;;;;;;;;;;;;;;;;;;;;;;;
11662;ARG518;;;;;;;;;;;;;;;;;;;;;;;;;;;;;;;;;;;;;;;;;;
11663;ARG481;;;;;;;;;;;;;;;;;;;;;;;;;;;;;;;;;;;;;;;;;;
11664;PHE524;;;;;;;;;;;;;;;;;;;;;;;;;;;;;;;;;;;;;;;;;;
11665;ALA555;;;;;;;;;;;;;;;;;;;;;;;;;;;;;;;;;;;;;;;;;;
11666;LEU558;;;;;;;;;;;;;;;;;;;;;;;;;;;;;;;;;;;;;;;;;;
11667;ASP386;;;;;;;;;;;;;;;;;;;;;;;;;;;;;;;;;;;;;;;;;;
11668;ASP386;;;;;;;;;;;;;;;;;;;;;;;;;;;;;;;;;;;;;;;;;;
11669;SER472;;;;;;;;;;;;;;;;;;;;;;;;;;;;;;;;;;;;;;;;;;
11670;ARG523;;;;;;;;;;;;;;;;;;;;;;;;;;;;;;;;;;;;;;;;;;
11671;SER389;;;;;;;;;;;;;;;;;;;;;;;;;;;;;;;;;;;;;;;;;;
11672;SER430;;;;;;;;;;;;;;;;;;;;;;;;;;;;;;;;;;;;;;;;;;
11673;ARG523;;;;;;;;;;;;;;;;;;;;;;;;;;;;;;;;;;;;;;;;;;
11674;SER472;;;;;;;;;;;;;;;;;;;;;;;;;;;;;;;;;;;;;;;;;;
11675;ARG481;;;;;;;;;;;;;;;;;;;;;;;;;;;;;;;;;;;;;;;;;;
11676;ARG481;;;;;;;;;;;;;;;;;;;;;;;;;;;;;;;;;;;;;;;;;;
11677;ALA555;;;;;;;;;;;;;;;;;;;;;;;;;;;;;;;;;;;;;;;;;;
11678;TYR434;;;;;;;;;;;;;;;;;;;;;;;;;;;;;;;;;;;;;;;;;;
11679;ALA513;;;;;;;;;;;;;;;;;;;;;;;;;;;;;;;;;;;;;;;;;;
11680;ALA513;;;;;;;;;;;;;;;;;;;;;;;;;;;;;;;;;;;;;;;;;;
11681;SER472;;;;;;;;;;;;;;;;;;;;;;;;;;;;;;;;;;;;;;;;;;
11682;ARG523;;;;;;;;;;;;;;;;;;;;;;;;;;;;;;;;;;;;;;;;;;
11683;LEU558;;;;;;;;;;;;;;;;;;;;;;;;;;;;;;;;;;;;;;;;;;
11684;SER431;;;;;;;;;;;;;;;;;;;;;;;;;;;;;;;;;;;;;;;;;;
11685;TYR434;;;;;;;;;;;;;;;;;;;;;;;;;;;;;;;;;;;;;;;;;;
11686;PHE524;;;;;;;;;;;;;;;;;;;;;;;;;;;;;;;;;;;;;;;;;;
11687;ALA555;;;;;;;;;;;;;;;;;;;;;;;;;;;;;;;;;;;;;;;;;;
11688;LEU558;;;;;;;;;;;;;;;;;;;;;;;;;;;;;;;;;;;;;;;;;;
11689;ASP386;;;;;;;;;;;;;;;;;;;;;;;;;;;;;;;;;;;;;;;;;;
11690;ASP386;;;;;;;;;;;;;;;;;;;;;;;;;;;;;;;;;;;;;;;;;;
11691;SER472;;;;;;;;;;;;;;;;;;;;;;;;;;;;;;;;;;;;;;;;;;
11692;ARG523;;;;;;;;;;;;;;;;;;;;;;;;;;;;;;;;;;;;;;;;;;
11693;ALA555;;;;;;;;;;;;;;;;;;;;;;;;;;;;;;;;;;;;;;;;;;
11694;SER472;;;;;;;;;;;;;;;;;;;;;;;;;;;;;;;;;;;;;;;;;;
11695;ARG481;;;;;;;;;;;;;;;;;;;;;;;;;;;;;;;;;;;;;;;;;;
11696;ARG481;;;;;;;;;;;;;;;;;;;;;;;;;;;;;;;;;;;;;;;;;;
11697;ALA555;;;;;;;;;;;;;;;;;;;;;;;;;;;;;;;;;;;;;;;;;;
11698;SER431;;;;;;;;;;;;;;;;;;;;;;;;;;;;;;;;;;;;;;;;;;
11699;TYR434;;;;;;;;;;;;;;;;;;;;;;;;;;;;;;;;;;;;;;;;;;
11700;ASP521;;;;;;;;;;;;;;;;;;;;;;;;;;;;;;;;;;;;;;;;;;
11701;ALA555;;;;;;;;;;;;;;;;;;;;;;;;;;;;;;;;;;;;;;;;;;
11702;TYR434;;;;;;;;;;;;;;;;;;;;;;;;;;;;;;;;;;;;;;;;;;
11703;SER472;;;;;;;;;;;;;;;;;;;;;;;;;;;;;;;;;;;;;;;;;;
11704;ARG523;;;;;;;;;;;;;;;;;;;;;;;;;;;;;;;;;;;;;;;;;;
11705;LEU558;;;;;;;;;;;;;;;;;;;;;;;;;;;;;;;;;;;;;;;;;;
11706;SER472;;;;;;;;;;;;;;;;;;;;;;;;;;;;;;;;;;;;;;;;;;
11707;ALA555;;;;;;;;;;;;;;;;;;;;;;;;;;;;;;;;;;;;;;;;;;
11708;LEU558;;;;;;;;;;;;;;;;;;;;;;;;;;;;;;;;;;;;;;;;;;
11709;ASP428;;;;;;;;;;;;;;;;;;;;;;;;;;;;;;;;;;;;;;;;;;
11710;SER472;;;;;;;;;;;;;;;;;;;;;;;;;;;;;;;;;;;;;;;;;;
11711;ARG523;;;;;;;;;;;;;;;;;;;;;;;;;;;;;;;;;;;;;;;;;;
11712;PHE524;;;;;;;;;;;;;;;;;;;;;;;;;;;;;;;;;;;;;;;;;;
11713;ARG523;;;;;;;;;;;;;;;;;;;;;;;;;;;;;;;;;;;;;;;;;;
11714;ALA555;;;;;;;;;;;;;;;;;;;;;;;;;;;;;;;;;;;;;;;;;;
11715;ARG560;;;;;;;;;;;;;;;;;;;;;;;;;;;;;;;;;;;;;;;;;;
11716;SER472;;;;;;;;;;;;;;;;;;;;;;;;;;;;;;;;;;;;;;;;;;
11717;ARG523;;;;;;;;;;;;;;;;;;;;;;;;;;;;;;;;;;;;;;;;;;
11718;SER389;;;;;;;;;;;;;;;;;;;;;;;;;;;;;;;;;;;;;;;;;;
11719;SER430;;;;;;;;;;;;;;;;;;;;;;;;;;;;;;;;;;;;;;;;;;
11720;ASP521;;;;;;;;;;;;;;;;;;;;;;;;;;;;;;;;;;;;;;;;;;
11721;ARG523;;;;;;;;;;;;;;;;;;;;;;;;;;;;;;;;;;;;;;;;;;
11722;ALA555;;;;;;;;;;;;;;;;;;;;;;;;;;;;;;;;;;;;;;;;;;
11723;LEU558;;;;;;;;;;;;;;;;;;;;;;;;;;;;;;;;;;;;;;;;;;
11724;ARG560;;;;;;;;;;;;;;;;;;;;;;;;;;;;;;;;;;;;;;;;;;
11725;SER431;;;;;;;;;;;;;;;;;;;;;;;;;;;;;;;;;;;;;;;;;;
11726;TYR434;;;;;;;;;;;;;;;;;;;;;;;;;;;;;;;;;;;;;;;;;;
11727;SER472;;;;;;;;;;;;;;;;;;;;;;;;;;;;;;;;;;;;;;;;;;
11728;ARG523;;;;;;;;;;;;;;;;;;;;;;;;;;;;;;;;;;;;;;;;;;
11729;SER431;;;;;;;;;;;;;;;;;;;;;;;;;;;;;;;;;;;;;;;;;;
11730;ARG481;;;;;;;;;;;;;;;;;;;;;;;;;;;;;;;;;;;;;;;;;;
11731;ARG481;;;;;;;;;;;;;;;;;;;;;;;;;;;;;;;;;;;;;;;;;;
11732;ALA555;;;;;;;;;;;;;;;;;;;;;;;;;;;;;;;;;;;;;;;;;;
11733;LEU558;;;;;;;;;;;;;;;;;;;;;;;;;;;;;;;;;;;;;;;;;;
11734;ARG523;;;;;;;;;;;;;;;;;;;;;;;;;;;;;;;;;;;;;;;;;;
11735;ALA555;;;;;;;;;;;;;;;;;;;;;;;;;;;;;;;;;;;;;;;;;;
11736;LEU558;;;;;;;;;;;;;;;;;;;;;;;;;;;;;;;;;;;;;;;;;;
11737;SER431;;;;;;;;;;;;;;;;;;;;;;;;;;;;;;;;;;;;;;;;;;
11738;TYR434;;;;;;;;;;;;;;;;;;;;;;;;;;;;;;;;;;;;;;;;;;
11739;PHE524;;;;;;;;;;;;;;;;;;;;;;;;;;;;;;;;;;;;;;;;;;
11740;SER472;;;;;;;;;;;;;;;;;;;;;;;;;;;;;;;;;;;;;;;;;;
11741;ALA555;;;;;;;;;;;;;;;;;;;;;;;;;;;;;;;;;;;;;;;;;;
11742;LEU558;;;;;;;;;;;;;;;;;;;;;;;;;;;;;;;;;;;;;;;;;;
11743;SER389;;;;;;;;;;;;;;;;;;;;;;;;;;;;;;;;;;;;;;;;;;
11744;SER430;;;;;;;;;;;;;;;;;;;;;;;;;;;;;;;;;;;;;;;;;;
11745;ARG523;;;;;;;;;;;;;;;;;;;;;;;;;;;;;;;;;;;;;;;;;;
11746;ALA555;;;;;;;;;;;;;;;;;;;;;;;;;;;;;;;;;;;;;;;;;;
11747;SER472;;;;;;;;;;;;;;;;;;;;;;;;;;;;;;;;;;;;;;;;;;
11748;ARG523;;;;;;;;;;;;;;;;;;;;;;;;;;;;;;;;;;;;;;;;;;
11749;ALA513;;;;;;;;;;;;;;;;;;;;;;;;;;;;;;;;;;;;;;;;;;
11750;ALA513;;;;;;;;;;;;;;;;;;;;;;;;;;;;;;;;;;;;;;;;;;
11751;LEU558;;;;;;;;;;;;;;;;;;;;;;;;;;;;;;;;;;;;;;;;;;
11752;TYR434;;;;;;;;;;;;;;;;;;;;;;;;;;;;;;;;;;;;;;;;;;
11753;CYS551;;;;;;;;;;;;;;;;;;;;;;;;;;;;;;;;;;;;;;;;;;
11754;LEU558;;;;;;;;;;;;;;;;;;;;;;;;;;;;;;;;;;;;;;;;;;
11755;SER389;;;;;;;;;;;;;;;;;;;;;;;;;;;;;;;;;;;;;;;;;;
11756;SER389;;;;;;;;;;;;;;;;;;;;;;;;;;;;;;;;;;;;;;;;;;
11757;SER430;;;;;;;;;;;;;;;;;;;;;;;;;;;;;;;;;;;;;;;;;;
11758;ARG523;;;;;;;;;;;;;;;;;;;;;;;;;;;;;;;;;;;;;;;;;;
11759;ALA555;;;;;;;;;;;;;;;;;;;;;;;;;;;;;;;;;;;;;;;;;;
11760;LEU558;;;;;;;;;;;;;;;;;;;;;;;;;;;;;;;;;;;;;;;;;;
11761;ALA555;;;;;;;;;;;;;;;;;;;;;;;;;;;;;;;;;;;;;;;;;;
11762;LEU558;;;;;;;;;;;;;;;;;;;;;;;;;;;;;;;;;;;;;;;;;;
11763;SER430;;;;;;;;;;;;;;;;;;;;;;;;;;;;;;;;;;;;;;;;;;
11764;SER389;;;;;;;;;;;;;;;;;;;;;;;;;;;;;;;;;;;;;;;;;;
11765;SER430;;;;;;;;;;;;;;;;;;;;;;;;;;;;;;;;;;;;;;;;;;
11766;ARG523;;;;;;;;;;;;;;;;;;;;;;;;;;;;;;;;;;;;;;;;;;
11767;ALA555;;;;;;;;;;;;;;;;;;;;;;;;;;;;;;;;;;;;;;;;;;
11768;LEU558;;;;;;;;;;;;;;;;;;;;;;;;;;;;;;;;;;;;;;;;;;
11769;TYR434;;;;;;;;;;;;;;;;;;;;;;;;;;;;;;;;;;;;;;;;;;
11770;CYS551;;;;;;;;;;;;;;;;;;;;;;;;;;;;;;;;;;;;;;;;;;
11771;LEU558;;;;;;;;;;;;;;;;;;;;;;;;;;;;;;;;;;;;;;;;;;
11772;SER472;;;;;;;;;;;;;;;;;;;;;;;;;;;;;;;;;;;;;;;;;;
11773;ARG481;;;;;;;;;;;;;;;;;;;;;;;;;;;;;;;;;;;;;;;;;;
11774;ARG481;;;;;;;;;;;;;;;;;;;;;;;;;;;;;;;;;;;;;;;;;;
11775;SER431;;;;;;;;;;;;;;;;;;;;;;;;;;;;;;;;;;;;;;;;;;
11776;ARG523;;;;;;;;;;;;;;;;;;;;;;;;;;;;;;;;;;;;;;;;;;
11777;LEU558;;;;;;;;;;;;;;;;;;;;;;;;;;;;;;;;;;;;;;;;;;
11778;TYR434;;;;;;;;;;;;;;;;;;;;;;;;;;;;;;;;;;;;;;;;;;
11779;SER472;;;;;;;;;;;;;;;;;;;;;;;;;;;;;;;;;;;;;;;;;;
11780;ARG523;;;;;;;;;;;;;;;;;;;;;;;;;;;;;;;;;;;;;;;;;;
11781;ALA555;;;;;;;;;;;;;;;;;;;;;;;;;;;;;;;;;;;;;;;;;;
11782;TYR434;;;;;;;;;;;;;;;;;;;;;;;;;;;;;;;;;;;;;;;;;;
11783;ALA555;;;;;;;;;;;;;;;;;;;;;;;;;;;;;;;;;;;;;;;;;;
11784;LEU558;;;;;;;;;;;;;;;;;;;;;;;;;;;;;;;;;;;;;;;;;;
11785;SER472;;;;;;;;;;;;;;;;;;;;;;;;;;;;;;;;;;;;;;;;;;
11786;ARG481;;;;;;;;;;;;;;;;;;;;;;;;;;;;;;;;;;;;;;;;;;
11787;ARG481;;;;;;;;;;;;;;;;;;;;;;;;;;;;;;;;;;;;;;;;;;
11788;ALA555;;;;;;;;;;;;;;;;;;;;;;;;;;;;;;;;;;;;;;;;;;
11789;LEU558;;;;;;;;;;;;;;;;;;;;;;;;;;;;;;;;;;;;;;;;;;
11790;SER472;;;;;;;;;;;;;;;;;;;;;;;;;;;;;;;;;;;;;;;;;;
11791;ARG523;;;;;;;;;;;;;;;;;;;;;;;;;;;;;;;;;;;;;;;;;;
11792;PHE524;;;;;;;;;;;;;;;;;;;;;;;;;;;;;;;;;;;;;;;;;;
11793;ALA555;;;;;;;;;;;;;;;;;;;;;;;;;;;;;;;;;;;;;;;;;;
11794;LEU558;;;;;;;;;;;;;;;;;;;;;;;;;;;;;;;;;;;;;;;;;;
11795;ALA555;;;;;;;;;;;;;;;;;;;;;;;;;;;;;;;;;;;;;;;;;;
11796;SER431;;;;;;;;;;;;;;;;;;;;;;;;;;;;;;;;;;;;;;;;;;
11797;ARG523;;;;;;;;;;;;;;;;;;;;;;;;;;;;;;;;;;;;;;;;;;
11798;LEU558;;;;;;;;;;;;;;;;;;;;;;;;;;;;;;;;;;;;;;;;;;
11799;TYR434;;;;;;;;;;;;;;;;;;;;;;;;;;;;;;;;;;;;;;;;;;
11800;CYS551;;;;;;;;;;;;;;;;;;;;;;;;;;;;;;;;;;;;;;;;;;
11801;ALA555;;;;;;;;;;;;;;;;;;;;;;;;;;;;;;;;;;;;;;;;;;
11802;TYR434;;;;;;;;;;;;;;;;;;;;;;;;;;;;;;;;;;;;;;;;;;
11803;ARG523;;;;;;;;;;;;;;;;;;;;;;;;;;;;;;;;;;;;;;;;;;
11804;PHE524;;;;;;;;;;;;;;;;;;;;;;;;;;;;;;;;;;;;;;;;;;
11805;ALA555;;;;;;;;;;;;;;;;;;;;;;;;;;;;;;;;;;;;;;;;;;
11806;SER431;;;;;;;;;;;;;;;;;;;;;;;;;;;;;;;;;;;;;;;;;;
11807;ALA555;;;;;;;;;;;;;;;;;;;;;;;;;;;;;;;;;;;;;;;;;;
11808;TYR434;;;;;;;;;;;;;;;;;;;;;;;;;;;;;;;;;;;;;;;;;;
11809;ALA555;;;;;;;;;;;;;;;;;;;;;;;;;;;;;;;;;;;;;;;;;;
11810;GLU556;;;;;;;;;;;;;;;;;;;;;;;;;;;;;;;;;;;;;;;;;;
11811;SER472;;;;;;;;;;;;;;;;;;;;;;;;;;;;;;;;;;;;;;;;;;
11812;ARG523;;;;;;;;;;;;;;;;;;;;;;;;;;;;;;;;;;;;;;;;;;
11813;SER389;;;;;;;;;;;;;;;;;;;;;;;;;;;;;;;;;;;;;;;;;;
11814;SER389;;;;;;;;;;;;;;;;;;;;;;;;;;;;;;;;;;;;;;;;;;
11815;SER430;;;;;;;;;;;;;;;;;;;;;;;;;;;;;;;;;;;;;;;;;;
11816;ARG481;;;;;;;;;;;;;;;;;;;;;;;;;;;;;;;;;;;;;;;;;;
11817;ARG481;;;;;;;;;;;;;;;;;;;;;;;;;;;;;;;;;;;;;;;;;;
11818;ALA555;;;;;;;;;;;;;;;;;;;;;;;;;;;;;;;;;;;;;;;;;;
11819;LEU558;;;;;;;;;;;;;;;;;;;;;;;;;;;;;;;;;;;;;;;;;;
11820;SER431;;;;;;;;;;;;;;;;;;;;;;;;;;;;;;;;;;;;;;;;;;
11821;ARG523;;;;;;;;;;;;;;;;;;;;;;;;;;;;;;;;;;;;;;;;;;
11822;ALA555;;;;;;;;;;;;;;;;;;;;;;;;;;;;;;;;;;;;;;;;;;
11823;none;;;;;;;;;;;;;;;;;;;;;;;;;;;;;;;;;;;;;;;;;;
11824;SER431;;;;;;;;;;;;;;;;;;;;;;;;;;;;;;;;;;;;;;;;;;
11825;ARG523;;;;;;;;;;;;;;;;;;;;;;;;;;;;;;;;;;;;;;;;;;
11826;ALA555;;;;;;;;;;;;;;;;;;;;;;;;;;;;;;;;;;;;;;;;;;
